{
  "Complete Reservation (Saga Test)" : {
    "transaction" : "Complete Reservation (Saga Test)",
    "sampleCount" : 8865,
    "errorCount" : 8862,
    "errorPct" : 99.966156,
    "meanResTime" : 45559.80530174852,
    "medianResTime" : 40899.0,
    "minResTime" : 1.0,
    "maxResTime" : 69768.0,
    "pct1ResTime" : 63723.0,
    "pct2ResTime" : 65828.59999999999,
    "pct3ResTime" : 68273.06,
    "throughput" : 85.9228100102739,
    "receivedKBytesPerSec" : 25.59904869443852,
    "sentKBytesPerSec" : 42.47046403405896
  },
  "Total" : {
    "transaction" : "Total",
    "sampleCount" : 8865,
    "errorCount" : 8862,
    "errorPct" : 99.966156,
    "meanResTime" : 45559.80530174852,
    "medianResTime" : 40899.0,
    "minResTime" : 1.0,
    "maxResTime" : 69768.0,
    "pct1ResTime" : 63723.0,
    "pct2ResTime" : 65828.59999999999,
    "pct3ResTime" : 68273.06,
    "throughput" : 85.9228100102739,
    "receivedKBytesPerSec" : 25.59904869443852,
    "sentKBytesPerSec" : 42.47046403405896
  }
}