{
  "Complete Reservation (Saga Test)" : {
    "transaction" : "Complete Reservation (Saga Test)",
    "sampleCount" : 3612,
    "errorCount" : 3609,
    "errorPct" : 99.91695,
    "meanResTime" : 17670.896456256913,
    "medianResTime" : 10855.5,
    "minResTime" : 5430.0,
    "maxResTime" : 42821.0,
    "pct1ResTime" : 40271.8,
    "pct2ResTime" : 41150.35,
    "pct3ResTime" : 42080.87,
    "throughput" : 53.395618366200516,
    "receivedKBytesPerSec" : 11.639407725512225,
    "sentKBytesPerSec" : 27.323539085829168
  },
  "Total" : {
    "transaction" : "Total",
    "sampleCount" : 3612,
    "errorCount" : 3609,
    "errorPct" : 99.91695,
    "meanResTime" : 17670.896456256913,
    "medianResTime" : 10855.5,
    "minResTime" : 5430.0,
    "maxResTime" : 42821.0,
    "pct1ResTime" : 40271.8,
    "pct2ResTime" : 41150.35,
    "pct3ResTime" : 42080.87,
    "throughput" : 53.395618366200516,
    "receivedKBytesPerSec" : 11.639407725512225,
    "sentKBytesPerSec" : 27.323539085829168
  }
}