{
  "Complete Reservation (Saga Test)" : {
    "transaction" : "Complete Reservation (Saga Test)",
    "sampleCount" : 6166,
    "errorCount" : 6163,
    "errorPct" : 99.95135,
    "meanResTime" : 484.405449237756,
    "medianResTime" : 279.5,
    "minResTime" : 10.0,
    "maxResTime" : 2337.0,
    "pct1ResTime" : 1070.0,
    "pct2ResTime" : 1101.0,
    "pct3ResTime" : 1499.9899999999998,
    "throughput" : 101.98984402137056,
    "receivedKBytesPerSec" : 23.176305835139026,
    "sentKBytesPerSec" : 52.190115495310714
  },
  "Total" : {
    "transaction" : "Total",
    "sampleCount" : 6166,
    "errorCount" : 6163,
    "errorPct" : 99.95135,
    "meanResTime" : 484.405449237756,
    "medianResTime" : 279.5,
    "minResTime" : 10.0,
    "maxResTime" : 2337.0,
    "pct1ResTime" : 1070.0,
    "pct2ResTime" : 1101.0,
    "pct3ResTime" : 1499.9899999999998,
    "throughput" : 101.98984402137056,
    "receivedKBytesPerSec" : 23.176305835139026,
    "sentKBytesPerSec" : 52.190115495310714
  }
}