{
  "Complete Reservation (Saga Test)" : {
    "transaction" : "Complete Reservation (Saga Test)",
    "sampleCount" : 4308,
    "errorCount" : 4305,
    "errorPct" : 99.93036,
    "meanResTime" : 15100.264623955376,
    "medianResTime" : 12698.0,
    "minResTime" : 71.0,
    "maxResTime" : 32118.0,
    "pct1ResTime" : 22618.0,
    "pct2ResTime" : 23790.199999999997,
    "pct3ResTime" : 26392.469999999998,
    "throughput" : 61.08212341197822,
    "receivedKBytesPerSec" : 17.86527270197652,
    "sentKBytesPerSec" : 30.42973623950771
  },
  "Total" : {
    "transaction" : "Total",
    "sampleCount" : 4308,
    "errorCount" : 4305,
    "errorPct" : 99.93036,
    "meanResTime" : 15100.264623955376,
    "medianResTime" : 12698.0,
    "minResTime" : 71.0,
    "maxResTime" : 32118.0,
    "pct1ResTime" : 22618.0,
    "pct2ResTime" : 23790.199999999997,
    "pct3ResTime" : 26392.469999999998,
    "throughput" : 61.08212341197822,
    "receivedKBytesPerSec" : 17.86527270197652,
    "sentKBytesPerSec" : 30.42973623950771
  }
}